{"results":[{"id":100,"challenge_id":1,"value":"Danger Zone"},{"id":400,"challenge_id":4,"value":"Good for Demos"},{"id":500,"challenge_id":5,"value":"Danger Zone"},{"id":501,"challenge_id":5,"value":"Prerequisite"},{"id":600,"challenge_id":6,"value":"OSINT"},{"id":700,"challenge_id":7,"value":"Contraption"},{"id":701,"challenge_id":7,"value":"Code Analysis"},{"id":800,"challenge_id":8,"value":"Danger Zone"},{"id":900,"challenge_id":9,"value":"Brute Force"},{"id":1200,"challenge_id":12,"value":"Danger Zone"},{"id":1300,"challenge_id":13,"value":"Danger Zone"},{"id":1400,"challenge_id":14,"value":"Good for Demos"},{"id":1500,"challenge_id":15,"value":"Tutorial"},{"id":1501,"challenge_id":15,"value":"Good for Demos"},{"id":1700,"challenge_id":17,"value":"Contraption"},{"id":1701,"challenge_id":17,"value":"Prerequisite"},{"id":1800,"challenge_id":18,"value":"Shenanigans"},{"id":1801,"challenge_id":18,"value":"Contraption"},{"id":1802,"challenge_id":18,"value":"Good for Demos"},{"id":2100,"challenge_id":21,"value":"Prerequisite"},{"id":2300,"challenge_id":23,"value":"Brute Force"},{"id":2500,"challenge_id":25,"value":"Good for Demos"},{"id":2501,"challenge_id":25,"value":"Code Analysis"},{"id":2600,"challenge_id":26,"value":"Tutorial"},{"id":2900,"challenge_id":29,"value":"Contraption"},{"id":2901,"challenge_id":29,"value":"Good for Demos"},{"id":2902,"challenge_id":29,"value":"Prerequisite"},{"id":3000,"challenge_id":30,"value":"Contraption"},{"id":3400,"challenge_id":34,"value":"Danger Zone"},{"id":3500,"challenge_id":35,"value":"Shenanigans"},{"id":3501,"challenge_id":35,"value":"Code Analysis"},{"id":3600,"challenge_id":36,"value":"OSINT"},{"id":3700,"challenge_id":37,"value":"Shenanigans"},{"id":3701,"challenge_id":37,"value":"OSINT"},{"id":3900,"challenge_id":39,"value":"Tutorial"},{"id":3901,"challenge_id":39,"value":"Good for Demos"},{"id":4000,"challenge_id":40,"value":"OSINT"},{"id":4100,"challenge_id":41,"value":"Tutorial"},{"id":4200,"challenge_id":42,"value":"Code Analysis"},{"id":4300,"challenge_id":43,"value":"Tutorial"},{"id":4400,"challenge_id":44,"value":"Shenanigans"},{"id":4401,"challenge_id":44,"value":"OSINT"},{"id":4500,"challenge_id":45,"value":"Brute Force"},{"id":4501,"challenge_id":45,"value":"Code Analysis"},{"id":4700,"challenge_id":47,"value":"Good Practice"},{"id":4701,"challenge_id":47,"value":"Contraption"},{"id":4900,"challenge_id":49,"value":"Shenanigans"},{"id":4901,"challenge_id":49,"value":"Good for Demos"},{"id":5000,"challenge_id":50,"value":"Danger Zone"},{"id":5100,"challenge_id":51,"value":"Danger Zone"},{"id":5300,"challenge_id":53,"value":"Code Analysis"},{"id":5400,"challenge_id":54,"value":"Brute Force"},{"id":5401,"challenge_id":54,"value":"Tutorial"},{"id":5600,"challenge_id":56,"value":"Shenanigans"},{"id":5700,"challenge_id":57,"value":"Good Practice"},{"id":5701,"challenge_id":57,"value":"Tutorial"},{"id":5702,"challenge_id":57,"value":"Good for Demos"},{"id":5800,"challenge_id":58,"value":"Shenanigans"},{"id":5801,"challenge_id":58,"value":"Good for Demos"},{"id":6000,"challenge_id":60,"value":"Danger Zone"},{"id":6001,"challenge_id":60,"value":"Good for Demos"},{"id":6200,"challenge_id":62,"value":"OSINT"},{"id":6300,"challenge_id":63,"value":"OSINT"},{"id":6400,"challenge_id":64,"value":"OSINT"},{"id":6500,"challenge_id":65,"value":"OSINT"},{"id":6501,"challenge_id":65,"value":"Brute Force"},{"id":6700,"challenge_id":67,"value":"Code Analysis"},{"id":6800,"challenge_id":68,"value":"Contraption"},{"id":6801,"challenge_id":68,"value":"Danger Zone"},{"id":6802,"challenge_id":68,"value":"Code Analysis"},{"id":6900,"challenge_id":69,"value":"Tutorial"},{"id":6901,"challenge_id":69,"value":"Code Analysis"},{"id":7000,"challenge_id":70,"value":"Good Practice"},{"id":7100,"challenge_id":71,"value":"Danger Zone"},{"id":7200,"challenge_id":72,"value":"Shenanigans"},{"id":7300,"challenge_id":73,"value":"Danger Zone"},{"id":7400,"challenge_id":74,"value":"OSINT"},{"id":8000,"challenge_id":80,"value":"Danger Zone"},{"id":8100,"challenge_id":81,"value":"Tutorial"},{"id":8101,"challenge_id":81,"value":"Good for Demos"},{"id":8200,"challenge_id":82,"value":"OSINT"},{"id":8400,"challenge_id":84,"value":"Prerequisite"},{"id":8500,"challenge_id":85,"value":"Danger Zone"},{"id":8600,"challenge_id":86,"value":"Danger Zone"},{"id":8800,"challenge_id":88,"value":"Shenanigans"},{"id":8900,"challenge_id":89,"value":"Contraption"},{"id":9000,"challenge_id":90,"value":"Good Practice"},{"id":9300,"challenge_id":93,"value":"Shenanigans"},{"id":9301,"challenge_id":93,"value":"Tutorial"},{"id":9400,"challenge_id":94,"value":"OSINT"},{"id":9500,"challenge_id":95,"value":"OSINT"},{"id":9600,"challenge_id":96,"value":"OSINT"},{"id":9700,"challenge_id":97,"value":"Code Analysis"},{"id":9800,"challenge_id":98,"value":"Prerequisite"},{"id":9900,"challenge_id":99,"value":"Shenanigans"},{"id":9901,"challenge_id":99,"value":"Brute Force"},{"id":10000,"challenge_id":100,"value":"OSINT"},{"id":10001,"challenge_id":100,"value":"Danger Zone"}]}