{"results":[{"id":1,"challenge_id":1,"type":"static","content":"1b386c5dea5f8b9ed1ec7ec26267fee1ce634657","data":null},{"id":2,"challenge_id":2,"type":"static","content":"692ff6dae6b026998f3713526239f5da761aa1e2","data":null},{"id":3,"challenge_id":3,"type":"static","content":"3662bc84de7d12ce9e63efda5a4da092e9fded54","data":null},{"id":4,"challenge_id":4,"type":"static","content":"195ba4758c6014fd83fa13cae64fe11124441591","data":null},{"id":5,"challenge_id":5,"type":"static","content":"c9901274086e61558286745969dbf6456f95b5e0","data":null},{"id":6,"challenge_id":6,"type":"static","content":"1be20faee8bbba1778383ce4f0c21368e630ec2b","data":null},{"id":7,"challenge_id":7,"type":"static","content":"fa6d9ce8bd96bfa22e9290f0a8940fecff8d7f29","data":null},{"id":8,"challenge_id":8,"type":"static","content":"9157b566fe21d96289f1af0ba2b74b981156a2aa","data":null},{"id":9,"challenge_id":9,"type":"static","content":"c1caa27587ba05d2093f46cbc1857cb380b4e2bf","data":null},{"id":10,"challenge_id":10,"type":"static","content":"15d402d667f56fddf50bb154a83ab5e0ce90ff2f","data":null},{"id":11,"challenge_id":11,"type":"static","content":"a0ff62ba4a58add72ed1c692890a3ad9b91fc5fb","data":null},{"id":12,"challenge_id":12,"type":"static","content":"72aa8430482c50fab2f8a603d096359dc008f45e","data":null},{"id":13,"challenge_id":13,"type":"static","content":"e2ecb2bb11b0eec066814feb933da4fec8fa9a08","data":null},{"id":14,"challenge_id":14,"type":"static","content":"8b58b02a4a464a0a0ab1a5469942e817afb22376","data":null},{"id":15,"challenge_id":15,"type":"static","content":"d223c8c7fe29c546e5a3b8f1539e04381d885a51","data":null},{"id":16,"challenge_id":16,"type":"static","content":"5631373caaa3eb3df71f24bdf05a744f57690c0b","data":null},{"id":17,"challenge_id":17,"type":"static","content":"b370dd3c435e56718e286d4a31fb7bfbd48b51ef","data":null},{"id":18,"challenge_id":18,"type":"static","content":"9ceddd6760a42aacd8dd53db63041951a4488936","data":null},{"id":19,"challenge_id":19,"type":"static","content":"8ebfd5ff5b2527243a8b16038de267b03a76f452","data":null},{"id":20,"challenge_id":20,"type":"static","content":"b4024b6ba6c05a89ed16296c042d5fe5bda158dd","data":null},{"id":21,"challenge_id":21,"type":"static","content":"e28a80f471ced345c28202497639b6d3c9c34d50","data":null},{"id":22,"challenge_id":22,"type":"static","content":"479a77ed2d2585f5d2800d387ad36cb6e1dd2322","data":null},{"id":23,"challenge_id":23,"type":"static","content":"9c2d49654bd670f67a3c9662f14b3b0963f7add9","data":null},{"id":24,"challenge_id":24,"type":"static","content":"9725c08f007ea55c2250f2fc3faf770c5625ce26","data":null},{"id":25,"challenge_id":25,"type":"static","content":"a9c54d296e904bc482a9942687a81cc8a2c85447","data":null},{"id":26,"challenge_id":26,"type":"static","content":"7e0f61ba3b73184e7f51d9bfa9a92872a43a3a45","data":null},{"id":27,"challenge_id":27,"type":"static","content":"34aaf6e8adf9224be4b34b99898044791d8a9d32","data":null},{"id":28,"challenge_id":28,"type":"static","content":"55d823b53f284d782ae55f9c102f1859f719b870","data":null},{"id":29,"challenge_id":29,"type":"static","content":"25c201b76685f370634d0876fc666c33d42dd448","data":null},{"id":30,"challenge_id":30,"type":"static","content":"e3fd0fe7dac26fd93dcdeb3bd268664ab41d469a","data":null},{"id":31,"challenge_id":31,"type":"static","content":"588b000d8234bbf58a7959876e2cc1c604a34f02","data":null},{"id":32,"challenge_id":32,"type":"static","content":"a35e39ebcce3e7b93ba9b815ff0f5187a7a03a9d","data":null},{"id":33,"challenge_id":33,"type":"static","content":"9fabd8b354025d85e49680ec26373b4ceeeea61c","data":null},{"id":34,"challenge_id":34,"type":"static","content":"bc8b98d229682f1b2e33d31cdf1655044546b387","data":null},{"id":35,"challenge_id":35,"type":"static","content":"b969e23728ea2c418b9272a9ced8984c33614d6e","data":null},{"id":36,"challenge_id":36,"type":"static","content":"11328364804931cfd18498ba0b65ff357d71d060","data":null},{"id":37,"challenge_id":37,"type":"static","content":"fc646cad92dcb9733be03117e2c6b54943d5efac","data":null},{"id":38,"challenge_id":38,"type":"static","content":"ceea6b9bd7fdb577d9c29d16526ee6139aa0e076","data":null},{"id":39,"challenge_id":39,"type":"static","content":"9c939cac84c6f1b9cd53ba141462a6059061a3b8","data":null},{"id":40,"challenge_id":40,"type":"static","content":"066e612af03beca4ceabc76703d0e8f969d685f1","data":null},{"id":41,"challenge_id":41,"type":"static","content":"cb7721f1638fa0044a080f4ced8f5e7a34344891","data":null},{"id":42,"challenge_id":42,"type":"static","content":"41d1b6fb78391e31ee9544dbc1d64382754e4423","data":null},{"id":43,"challenge_id":43,"type":"static","content":"487106f88dff7b4aeb4c93b51d8912d17234db87","data":null},{"id":44,"challenge_id":44,"type":"static","content":"d310a3bdd112d5656e9efdc9423703edb2055440","data":null},{"id":45,"challenge_id":45,"type":"static","content":"565b54b1e71841edaee68506ef215aa89b2a105a","data":null},{"id":46,"challenge_id":46,"type":"static","content":"7b4fc85c34382f1903e02ebab8dcf34892b11376","data":null},{"id":47,"challenge_id":47,"type":"static","content":"7c4664f0be909c2ee1a1dd810b89f2345fe607d1","data":null},{"id":48,"challenge_id":48,"type":"static","content":"17ba7e8b536c4272499cbf6f1a1fc933ecc0e843","data":null},{"id":49,"challenge_id":49,"type":"static","content":"e25cafde08d18c5ede64300b58ae2c8d40cb5b55","data":null},{"id":50,"challenge_id":50,"type":"static","content":"2c96c4bf10aea50570497079abce0634d0459a8e","data":null},{"id":51,"challenge_id":51,"type":"static","content":"d282d3bef9a42a6fa38a26e11d4cda80ac593388","data":null},{"id":52,"challenge_id":52,"type":"static","content":"93f35bb4bd8b5d0fcaf4ce3c1c52011784b6be6b","data":null},{"id":53,"challenge_id":53,"type":"static","content":"98392f3ccc8afaa46c9fd0067a0072875f155c31","data":null},{"id":54,"challenge_id":54,"type":"static","content":"4a6e4d0513515b37812fd4730653f955ed1f8d08","data":null},{"id":55,"challenge_id":55,"type":"static","content":"f74a80fee2f5552a6229b84f78a21795bf57d6da","data":null},{"id":56,"challenge_id":56,"type":"static","content":"4b3bd25da6e6f5cface8330dfa5bc97cc9d572c4","data":null},{"id":57,"challenge_id":57,"type":"static","content":"530f1662008f797590bb9142b877de1ab5e3171f","data":null},{"id":58,"challenge_id":58,"type":"static","content":"38b84dd547a2b91fe6aefa563da330ff5525b60a","data":null},{"id":59,"challenge_id":59,"type":"static","content":"ba68e3698e9d5931fb6a97d0dbb1dbd607d25f55","data":null},{"id":60,"challenge_id":60,"type":"static","content":"4d90e412359c3b14d9cd22157236c743acbef141","data":null},{"id":61,"challenge_id":61,"type":"static","content":"77a3e4344a61c0ed086566b7c09558cb36145d51","data":null},{"id":62,"challenge_id":62,"type":"static","content":"f6962bd12a619697215e63e3c5b5aa4fef63bbb2","data":null},{"id":63,"challenge_id":63,"type":"static","content":"2e6874366097e3eec8e6146eb086c932a4fa5edb","data":null},{"id":64,"challenge_id":64,"type":"static","content":"5edce996a424d7bbb8955d527ad9c4fcac4ade1b","data":null},{"id":65,"challenge_id":65,"type":"static","content":"f84e790758976a119b15d28f135527a1d7029ad9","data":null},{"id":66,"challenge_id":66,"type":"static","content":"1ab3e190dc28d97d7f263a23775db7a5c4d39338","data":null},{"id":67,"challenge_id":67,"type":"static","content":"8c39dbaf4255262cb21344a9c45a8f2a1fa2d28b","data":null},{"id":68,"challenge_id":68,"type":"static","content":"1becf90aefe602d7e6a4e6e93cb09c9961aeda3e","data":null},{"id":69,"challenge_id":69,"type":"static","content":"085976b05989d535b3c9b377b6d55ff28438f765","data":null},{"id":70,"challenge_id":70,"type":"static","content":"9c34fc8ac1184952993f3b7b3408cf8e12e1cb0f","data":null},{"id":71,"challenge_id":71,"type":"static","content":"e833b054e0e4ca78abbcbaaa91c9b58bb5356f91","data":null},{"id":72,"challenge_id":72,"type":"static","content":"8aefdb920444c105bd3a23313489a4847a9f6658","data":null},{"id":73,"challenge_id":73,"type":"static","content":"c771b2b4946e7b9f30b8b92e39cc9e9c0feaa5fd","data":null},{"id":74,"challenge_id":74,"type":"static","content":"c72e23f28600c8130556131e8a30fc70c986b3f7","data":null},{"id":75,"challenge_id":75,"type":"static","content":"bc997881a10bafcaeb88f18fcc881d3a26a7c221","data":null},{"id":76,"challenge_id":76,"type":"static","content":"6fb71d82b8b4c3b679922ade0fce4c588f5c2d7a","data":null},{"id":77,"challenge_id":77,"type":"static","content":"cef20cb432bbebfaab79e083a880d52c0bb55a0d","data":null},{"id":78,"challenge_id":78,"type":"static","content":"280fe59330d78cda89d11c82e08dda26f74f53bd","data":null},{"id":79,"challenge_id":79,"type":"static","content":"2dfcd4a6821c069231c4bb2469054386cb8e1197","data":null},{"id":80,"challenge_id":80,"type":"static","content":"2eb24406146ce9ff4157407b12ca523469e8843d","data":null},{"id":81,"challenge_id":81,"type":"static","content":"3f408ff2f1a84b383498e82d47b7b2d6823f1035","data":null},{"id":82,"challenge_id":82,"type":"static","content":"79b015b341172347334795fb5dc69210226ca48e","data":null},{"id":83,"challenge_id":83,"type":"static","content":"b047cb1aa3d6fe63f59673ba121264d4dca7d65c","data":null},{"id":84,"challenge_id":84,"type":"static","content":"1e2dfb3fa21c47b72b9798a78ee6bfb0cfbd10af","data":null},{"id":85,"challenge_id":85,"type":"static","content":"f80cf2aaae2c29f7fb326408064b26fd2293bd00","data":null},{"id":86,"challenge_id":86,"type":"static","content":"019dd939c626bf6a98dad688c923a923e00d839a","data":null},{"id":87,"challenge_id":87,"type":"static","content":"f3900df9c3e47cf72ce612af062ebe298bf5bac4","data":null},{"id":88,"challenge_id":88,"type":"static","content":"d604311c476091fb29bed7aaffbdb2a6887e9828","data":null},{"id":89,"challenge_id":89,"type":"static","content":"024d8733fd2dad99fc645abb5fb3d796b2b27c42","data":null},{"id":90,"challenge_id":90,"type":"static","content":"cd14ae8faf89519138eb7495cd2ac684118a2d22","data":null},{"id":91,"challenge_id":91,"type":"static","content":"2d83ce4437868e02f9aa81b306430a4e70353776","data":null},{"id":92,"challenge_id":92,"type":"static","content":"d72d1febd9ca7c4bdd7abab9998f5563fd3c424c","data":null},{"id":93,"challenge_id":93,"type":"static","content":"2de7345e75d34fbe88affb317bdff475f2a7bfa9","data":null},{"id":94,"challenge_id":94,"type":"static","content":"211695589d9a65b6e4928526fe9e4bc882a688bb","data":null},{"id":95,"challenge_id":95,"type":"static","content":"c66d3895bb5e1a6192406e15afd0f9795665f830","data":null},{"id":96,"challenge_id":96,"type":"static","content":"acda4b0b32eaafd90d7bf5a27914cc5e813ab2ea","data":null},{"id":97,"challenge_id":97,"type":"static","content":"3568ca6831182ef9fb259de3aacc606379c7d07a","data":null},{"id":98,"challenge_id":98,"type":"static","content":"fc4a9fe71cf2ad99210adb2d17a572ff77196eb9","data":null},{"id":99,"challenge_id":99,"type":"static","content":"a6de75373d698e25539d5f3946cdc9e0ca4883c3","data":null},{"id":100,"challenge_id":100,"type":"static","content":"4f41ee5859b528c0ccbafa2a5d1a07ae31085091","data":null}]}